timestamp, speed, speed_reverse, strength, strength_reverse, binsWithSignal, binsWithSignal_reverse,meanAmplitudeForPedestrians, meanAmplitudeForCars, meanAmplitudeForNoiseLevel, , dynamic_noise_level_100, car_trigger_signal_31
10082, 36.50, 49.50, 0.10, 0.52, 0, 0, 0.02, -0.91, -0.03, -0.00, nan
10633, 31.75, 31.00, -94.23, -94.54, 0, 0, -93.94, -105.73, -105.34, -1.05, nan
10670, 41.25, 40.25, -96.58, -95.03, 0, 0, -93.92, -106.23, -105.24, -2.10, nan
10712, 31.75, 22.75, -97.19, -98.26, 0, 0, -94.22, -107.38, -106.56, -3.14, nan
10754, 45.00, 32.50, -98.34, -96.39, 0, 0, -95.03, -107.77, -107.06, -4.18, nan
10797, 32.75, 24.50, -96.60, -97.43, 0, 0, -94.74, -107.72, -107.14, -5.21, nan
10840, 30.50, 26.50, -97.30, -98.36, 0, 0, -97.08, -107.35, -106.87, -6.23, nan
10887, 30.50, 28.50, -98.78, -98.53, 0, 0, -96.83, -107.32, -107.15, -7.23, nan
10925, 12.25, 24.75, -96.30, -96.40, 0, 0, -94.98, -106.14, -105.93, -8.22, nan
10968, 35.25, 34.75, -97.83, -97.71, 0, 0, -93.59, -106.63, -106.25, -9.20, nan
11010, 36.25, 31.00, -97.60, -97.67, 0, 0, -95.53, -108.56, -107.76, -10.19, nan
11053, 26.00, 31.50, -97.04, -93.56, 0, 0, -94.36, -106.68, -106.56, -11.15, nan
11096, 31.00, 31.50, -96.66, -95.25, 0, 0, -95.20, -107.59, -107.46, -12.11, nan
11139, 11.00, 39.50, -99.86, -98.28, 0, 0, -97.70, -108.27, -107.70, -13.07, nan
11181, 14.50, 36.25, -98.64, -97.98, 0, 0, -95.12, -107.10, -107.22, -14.01, nan
11224, 31.00, 12.75, -96.47, -98.72, 0, 0, -96.70, -108.26, -107.47, -14.95, nan
11266, 19.75, 42.25, -96.46, -98.25, 0, 0, -94.45, -107.80, -107.62, -15.87, nan
11315, 40.75, 14.00, -97.94, -96.66, 0, 0, -96.39, -106.96, -107.40, -16.79, nan
11352, 12.25, 19.75, -93.39, -95.20, 0, 0, -94.44, -105.14, -105.30, -17.67, nan
11394, 22.00, 39.50, -97.81, -95.76, 0, 0, -92.90, -105.99, -106.31, -18.56, nan
11437, 41.50, 30.25, -97.79, -98.99, 0, 0, -93.48, -107.41, -107.72, -19.45, nan
11480, 26.75, 46.50, -98.30, -99.40, 0, 0, -96.55, -107.70, -107.55, -20.33, nan
11523, 28.00, 41.00, -98.78, -96.10, 0, 0, -96.82, -107.12, -107.17, -21.20, nan
11565, 28.75, 41.25, -97.39, -95.72, 0, 0, -93.92, -107.20, -107.19, -22.06, nan
11608, 32.25, 24.00, -97.07, -97.60, 0, 0, -94.44, -107.78, -107.47, -22.92, nan
11650, 28.25, 35.00, -97.12, -97.57, 0, 0, -94.32, -107.80, -107.24, -23.76, nan
11694, 10.00, 14.00, -98.54, -98.36, 0, 0, -94.62, -107.56, -107.41, -24.59, nan
11736, 12.00, 24.75, -96.90, -98.01, 0, 0, -94.70, -106.91, -106.79, -25.42, nan
11779, 28.50, 30.50, -98.03, -98.31, 0, 0, -92.62, -107.88, -107.03, -26.23, nan
11821, 10.75, 11.50, -97.28, -97.97, 0, 0, -93.72, -107.34, -107.06, -27.04, nan
11864, 30.50, 31.25, -98.28, -99.29, 0, 0, -96.82, -107.27, -107.13, -27.84, -107.24
11907, 49.50, 30.00, -97.14, -99.51, 0, 0, -93.51, -107.77, -107.27, -28.64, -107.24
11949, 31.50, 26.00, -98.74, -98.37, 0, 0, -93.74, -107.98, -107.88, -29.43, -107.23
11992, 18.25, 38.25, -99.19, -97.59, 0, 0, -93.49, -107.73, -107.43, -30.21, -107.24
12034, 21.00, 49.75, -97.92, -96.83, 0, 0, -93.44, -108.16, -107.71, -30.98, -107.24
12077, 32.25, 25.50, -98.10, -98.72, 0, 0, -94.66, -107.94, -107.34, -31.75, -107.25
12125, 15.75, 29.75, -98.55, -98.07, 0, 0, -93.78, -107.86, -107.35, -32.50, -107.27
12162, 17.50, 23.75, -96.67, -95.87, 0, 0, -93.56, -106.46, -106.34, -33.24, -107.29
12206, 44.75, 40.25, -97.00, -99.04, 0, 0, -96.36, -108.00, -106.91, -33.98, -107.32
12248, 48.50, 11.00, -96.93, -97.14, 0, 0, -92.79, -107.58, -106.93, -34.71, -107.35
12291, 31.50, 47.50, -98.32, -98.88, 0, 0, -95.13, -108.60, -107.60, -35.44, -107.38
12333, 44.25, 35.00, -98.24, -97.86, 0, 0, -94.24, -108.09, -107.50, -36.16, -107.42
12376, 32.50, 28.50, -98.77, -98.65, 0, 0, -95.28, -107.59, -107.03, -36.87, -107.46
12419, 11.00, 24.25, -96.80, -99.46, 0, 0, -95.13, -108.49, -107.29, -37.57, -107.50
12461, 11.25, 49.25, -97.23, -98.93, 0, 0, -93.88, -107.92, -107.31, -38.27, -107.54
12504, 12.00, 40.50, -98.66, -97.70, 0, 0, -94.21, -108.61, -107.38, -38.96, -107.59
12546, 24.00, 41.25, -94.62, -96.78, 0, 0, -95.17, -106.85, -106.31, -39.63, -107.63
12589, 32.00, 11.25, -97.83, -97.07, 0, 0, -94.91, -107.55, -106.90, -40.31, -107.66
12632, 31.75, 27.50, -97.58, -97.34, 0, 0, -93.49, -107.05, -107.06, -40.97, -107.69
12674, 48.00, 41.25, -96.26, -97.78, 0, 0, -93.66, -107.60, -107.37, -41.64, -107.72
12718, 31.00, 30.50, -96.03, -99.18, 0, 0, -95.43, -108.47, -107.71, -42.30, -107.74
12760, 11.75, 38.25, -94.54, -98.78, 0, 0, -95.65, -107.33, -107.47, -42.95, -107.76
12803, 14.75, 40.75, -97.15, -97.66, 0, 0, -95.27, -107.76, -107.11, -43.59, -107.78
12845, 38.75, 39.50, -98.09, -99.06, 0, 0, -96.93, -107.21, -106.95, -44.22, -107.79
12888, 33.00, 36.25, -98.10, -98.44, 0, 0, -95.35, -107.43, -107.28, -44.85, -107.80
12941, 35.75, 23.75, -98.15, -98.33, 0, 0, -92.75, -107.40, -107.06, -45.48, -107.80
12973, 10.75, 32.25, -96.24, -96.76, 0, 0, -96.05, -107.21, -106.83, -46.09, -107.80
13016, 31.25, 10.75, -95.77, -95.43, 0, 0, -93.66, -106.63, -105.88, -46.69, -107.80
13058, 41.50, 16.00, -98.40, -96.98, 0, 0, -95.09, -107.65, -107.26, -47.29, -107.78
13101, 10.00, 14.00, -98.15, -98.73, 0, 0, -94.36, -107.43, -106.85, -47.89, -107.77
13144, 13.75, 31.25, -96.58, -98.15, 0, 0, -94.79, -107.38, -107.03, -48.48, -107.74
13186, 25.25, 32.25, -98.31, -96.22, 0, 0, -94.42, -107.85, -106.87, -49.07, -107.72
13229, 30.50, 33.25, -97.23, -97.91, 0, 0, -95.36, -107.17, -106.49, -49.64, -107.69
13272, 27.50, 36.00, -98.98, -96.66, 0, 0, -96.96, -107.71, -106.61, -50.21, -107.66
13315, 27.50, 31.50, -97.11, -96.95, 0, 0, -97.71, -107.96, -106.98, -50.78, -107.62
13368, 35.50, 47.75, -96.46, -94.08, 0, 0, -95.14, -106.28, -106.02, -51.33, -107.59
13400, 10.50, 21.50, -96.06, -95.95, 0, 0, -98.09, -106.61, -106.13, -51.88, -107.56
13443, 47.00, 40.75, -95.15, -96.78, 0, 0, -96.21, -105.00, -104.89, -52.41, -107.53
13485, 47.00, 30.50, -96.69, -97.47, 0, 0, -95.01, -106.50, -105.85, -52.94, -107.50
13528, 47.00, 42.75, -95.69, -96.83, 0, 0, -95.38, -106.46, -105.60, -53.47, -107.46
13570, 42.00, 24.00, -98.02, -98.48, 0, 0, -95.60, -106.55, -106.04, -53.99, -107.42
13613, 35.00, 39.75, -95.70, -96.76, 0, 0, -97.57, -107.10, -106.17, -54.52, -107.38
13656, 27.25, 13.25, -96.74, -97.24, 0, 0, -93.91, -106.64, -106.16, -55.03, -107.34
13698, 46.75, 45.50, -95.58, -98.38, 0, 0, -94.15, -107.64, -107.00, -55.55, -107.29
13751, 42.50, 29.25, -98.32, -98.09, 0, 0, -95.88, -107.51, -107.06, -56.07, -107.25
13784, 21.50, 32.50, -95.70, -95.84, 0, 0, -95.82, -107.29, -106.86, -56.57, -107.20
13826, 25.00, 41.75, -98.21, -96.37, 0, 0, -94.30, -107.28, -106.01, -57.07, -107.15
13869, 38.25, 31.50, -98.20, -97.44, 0, 0, -96.32, -107.11, -106.71, -57.57, -107.10
13912, 42.50, 35.50, -96.83, -97.84, 0, 0, -95.40, -108.18, -106.95, -58.06, -107.05
13954, 42.00, 10.00, -98.82, -97.53, 0, 0, -96.45, -108.19, -107.10, -58.55, -107.02
13997, 11.00, 10.75, -96.51, -95.01, 0, 0, -96.58, -107.10, -106.11, -59.03, -106.99
14040, 42.00, 41.00, -96.75, -98.27, 0, 0, -95.94, -107.67, -107.20, -59.51, -106.97
14083, 46.25, 10.25, -97.76, -98.20, 0, 0, -94.12, -107.12, -106.78, -59.98, -106.96
14125, 27.25, 40.50, -96.22, -96.12, 0, 0, -96.41, -108.26, -107.44, -60.45, -106.96
14184, 30.00, 47.50, -97.91, -98.29, 0, 0, -95.55, -107.32, -106.66, -60.92, -106.97
14210, 27.25, 44.75, -96.16, -95.99, 0, 0, -96.48, -105.71, -105.94, -61.37, -106.99
14253, 47.00, 31.50, -97.18, -96.35, 0, 0, -94.51, -106.49, -105.67, -61.81, -107.02
14296, 10.25, 35.00, -99.59, -97.79, 0, 0, -93.62, -107.90, -107.35, -62.27, -107.05
14339, 40.00, 48.25, -95.57, -98.08, 0, 0, -97.16, -107.96, -107.16, -62.71, -107.09
14381, 41.00, 34.00, -98.58, -96.12, 0, 0, -97.67, -107.91, -107.15, -63.16, -107.13
14424, 10.75, 16.00, -97.64, -98.26, 0, 0, -95.91, -108.08, -107.86, -63.61, -107.18
14466, 40.50, 38.00, -98.46, -98.49, 0, 0, -94.16, -107.91, -107.74, -64.05, -107.22
14509, 35.50, 21.50, -98.04, -98.55, 0, 0, -97.39, -108.13, -107.54, -64.48, -107.27
14564, 31.00, 41.00, -96.32, -95.89, 0, 0, -95.62, -107.67, -107.09, -64.91, -107.31
14594, 39.00, 11.50, -97.76, -96.94, 0, 0, -94.70, -105.99, -106.04, -65.32, -107.35
14637, 30.25, 36.50, -98.28, -97.35, 0, 0, -95.03, -106.88, -106.10, -65.73, -107.39
14680, 32.25, 17.00, -97.21, -99.69, 0, 0, -97.58, -107.97, -107.42, -66.14, -107.42
14722, 23.25, 40.50, -97.20, -98.49, 0, 0, -94.27, -107.89, -107.33, -66.56, -107.44
14765, 10.00, 27.00, -97.83, -98.08, 0, 0, -97.27, -107.53, -107.03, -66.96, -107.45
14808, 22.00, 38.75, -98.55, -98.97, 0, 0, -95.14, -108.45, -107.66, -67.37, -107.46
14851, 30.50, 45.00, -98.18, -98.05, 0, 0, -88.49, -107.45, -106.81, -67.76, -107.46
14893, 50.00, 30.50, -95.81, -97.54, 0, 0, -80.21, -107.35, -106.86, -68.15, -107.47
14947, 11.00, 11.75, -62.27, -61.60, 0, 0, -49.54, -82.52, -93.17, -68.40, -107.48
14979, 11.25, 12.50, -51.13, -50.06, 0, 0, -37.36, -70.48, -81.70, -68.54, -107.47
15021, 12.50, 10.50, -61.85, -57.16, 0, 0, -40.83, -76.80, -88.03, -68.73, -107.40
15064, 13.75, 24.00, -96.56, -98.33, 0, 0, -71.61, -107.53, -107.05, -69.11, -107.22
15106, 35.50, 43.00, -97.28, -99.07, 0, 0, -79.12, -107.77, -107.57, -69.50, -106.92
15149, 34.25, 38.75, -97.18, -97.87, 0, 0, -82.63, -107.15, -107.17, -69.88, -106.51
15192, 30.50, 35.75, -93.97, -99.16, 0, 0, -83.25, -107.29, -106.64, -70.24, -106.01
15234, 11.50, 25.00, -96.39, -96.82, 0, 0, -85.26, -107.63, -107.06, -70.61, -105.44
15277, 11.25, 30.50, -94.18, -97.93, 0, 0, -85.79, -107.56, -107.14, -70.98, -104.83
15320, 24.25, 40.75, -98.22, -97.27, 0, 0, -87.80, -107.96, -107.35, -71.34, -104.19
15373, 10.50, 10.75, -93.94, -98.60, 0, 0, -93.91, -108.41, -107.58, -71.70, -103.57
15405, 10.25, 21.00, -93.98, -93.91, 0, 0, -92.15, -105.83, -105.94, -72.05, -102.99
15448, 11.00, 31.50, -94.31, -96.64, 0, 0, -93.26, -106.16, -105.14, -72.38, -102.46
15490, 17.25, 30.50, -97.88, -99.62, 0, 0, -93.01, -108.45, -107.47, -72.73, -102.03
15533, 41.00, 35.75, -98.28, -97.24, 0, 0, -95.00, -106.46, -106.73, -73.07, -101.69
15576, 10.00, 34.50, -96.48, -98.71, 0, 0, -92.51, -107.24, -106.60, -73.40, -101.48
15619, 10.00, 10.25, -98.30, -95.67, 0, 0, -93.98, -107.54, -106.92, -73.74, -101.39
15661, 10.25, 17.50, -96.77, -97.50, 0, 0, -94.14, -107.67, -106.91, -74.07, -101.43
15704, 10.00, 30.00, -95.31, -99.14, 0, 0, -94.91, -107.91, -107.36, -74.40, -101.61
15747, 10.25, 49.50, -94.36, -98.07, 0, 0, -94.17, -108.21, -107.85, -74.74, -101.91
15789, 11.75, 23.75, -96.81, -96.09, 0, 0, -93.87, -106.84, -106.50, -75.05, -102.31
15832, 14.25, 23.25, -97.23, -97.00, 0, 0, -92.72, -107.67, -106.85, -75.37, -102.81
15874, 48.00, 22.75, -97.82, -98.29, 0, 0, -94.16, -107.47, -106.96, -75.69, -103.37
15917, 22.75, 32.00, -96.91, -96.29, 0, 0, -92.27, -108.02, -107.17, -76.00, -103.98
15960, 10.25, 26.75, -98.24, -97.39, 0, 0, -92.99, -107.99, -107.38, -76.32, -104.60
16002, 10.25, 50.00, -95.74, -98.72, 0, 0, -93.10, -107.58, -107.31, -76.63, -105.22
16045, 10.25, 12.75, -94.74, -98.65, 0, 0, -96.19, -107.71, -107.84, -76.94, -105.81
16088, 11.50, 42.25, -98.26, -99.28, 0, 0, -92.79, -108.08, -107.75, -77.25, -106.33
16130, 41.50, 29.50, -98.46, -96.77, 0, 0, -94.21, -107.38, -107.28, -77.55, -106.77
16181, 31.50, 31.00, -95.58, -99.44, 0, 0, -91.86, -108.04, -107.40, -77.85, -107.11
16216, 23.25, 30.50, -96.77, -96.82, 0, 0, -88.50, -107.61, -106.97, -78.14, -107.34
16258, 48.00, 14.75, -98.75, -98.62, 0, 0, -85.95, -107.28, -106.58, -78.42, -107.45
16302, 17.75, 48.25, -98.88, -97.38, 0, 0, -86.10, -107.38, -107.11, -78.71, -107.50
16344, 10.00, 39.50, -96.74, -95.87, 0, 0, -78.86, -107.41, -107.15, -78.99, -107.52
16386, 41.25, 41.00, -97.21, -97.16, 0, 0, -67.63, -107.35, -107.19, -79.28, -107.55
16429, 11.00, 36.75, -82.08, -97.70, 0, 0, -61.74, -106.04, -106.66, -79.55, -107.57
16754, 39.50, 41.25, -94.08, -93.82, 0, 0, -95.18, -106.51, -105.62, -79.81, -107.59
16805, 27.25, 14.75, -96.78, -95.84, 0, 0, -92.73, -106.12, -105.24, -80.06, -107.61
16813, 49.00, 39.00, -94.52, -95.48, 0, 0, -87.79, -105.69, -104.94, -80.31, -107.61
16856, 22.75, 10.00, -95.85, -81.59, 0, 0, -79.45, -105.00, -105.25, -80.56, -107.61
16898, 41.25, 11.75, -95.80, -77.38, 0, 0, -68.64, -103.69, -105.44, -80.81, -107.59
16942, 30.75, 10.00, -97.48, -46.74, 0, 0, -69.06, -99.62, -103.99, -81.04, -107.55
16984, 33.50, 10.25, -99.91, -35.16, 0, 0, -71.64, -98.78, -103.97, -81.27, -107.49
17027, 41.00, 10.00, -96.37, -34.03, 0, 0, -67.71, -96.20, -103.09, -81.49, -107.40
17069, 43.50, 10.00, -97.90, -32.82, 0, 0, -62.43, -96.60, -103.38, -81.71, -107.26
17112, 16.00, 12.25, -35.63, -44.66, 0, 0, -44.38, -58.53, -68.46, -81.58, -107.07
17154, 10.00, 10.50, -35.95, -37.26, 0, 0, -32.63, -56.80, -68.23, -81.44, -106.79
17197, 13.25, 10.00, -39.19, -37.14, 0, 0, -30.99, -61.67, -72.22, -81.35, -106.37
17240, 11.75, 10.00, -53.17, -45.17, 0, 0, -32.11, -69.52, -81.68, -81.35, -105.74
17282, 24.50, 14.50, -35.37, -24.83, 0, 0, -25.29, -50.80, -60.90, -81.15, -104.88
17326, 10.75, 16.75, -26.69, -61.11, 0, 0, -35.05, -74.66, -88.54, -81.22, -103.76
17368, 10.50, 31.00, -24.89, -96.82, 0, 0, -49.57, -87.41, -99.67, -81.41, -102.36
17411, 11.00, 42.00, -24.42, -97.01, 0, 0, -54.15, -90.29, -100.75, -81.60, -100.69
17453, 11.25, 49.50, -40.80, -96.14, 0, 0, -41.33, -94.80, -102.23, -81.81, -98.81
17496, 10.00, 38.75, -46.98, -97.16, 0, 0, -48.95, -100.05, -103.59, -82.03, -96.78
17538, 10.00, 42.50, -84.85, -97.76, 0, 0, -61.64, -106.00, -105.91, -82.26, -94.67
17581, 10.00, 47.00, -92.67, -97.96, 0, 0, -70.77, -107.96, -106.49, -82.51, -92.57
17624, 38.00, 12.25, -96.06, -97.67, 0, 0, -79.16, -107.26, -106.63, -82.75, -90.56
17666, 13.25, 10.00, -98.71, -96.04, 0, 0, -84.02, -106.55, -106.95, -82.99, -88.73
17709, 46.75, 46.00, -98.50, -98.12, 0, 0, -88.17, -107.23, -106.49, -83.22, -87.17
17752, 39.75, 20.25, -95.82, -98.88, 0, 0, -88.82, -107.66, -106.82, -83.46, -85.94
17794, 44.25, 10.25, -98.44, -96.36, 0, 0, -92.95, -108.29, -107.25, -83.70, -85.09
17837, 32.25, 13.75, -97.28, -98.54, 0, 0, -93.27, -108.70, -106.90, -83.93, -84.65
17880, 41.25, 38.00, -98.37, -97.65, 0, 0, -92.50, -107.13, -106.46, -84.16, -84.67
17923, 39.00, 37.00, -95.46, -96.94, 0, 0, -93.27, -107.67, -106.84, -84.38, -85.12
17965, 10.00, 21.25, -95.65, -96.86, 0, 0, -93.22, -107.46, -107.19, -84.61, -85.99
18008, 42.00, 26.25, -96.84, -95.90, 0, 0, -94.05, -106.89, -106.28, -84.83, -87.25
18051, 26.75, 17.75, -97.94, -97.52, 0, 0, -92.92, -107.27, -107.01, -85.05, -88.84
18093, 11.50, 27.00, -96.73, -97.95, 0, 0, -92.80, -107.18, -107.13, -85.27, -90.70
18136, 10.25, 32.00, -97.03, -95.47, 0, 0, -92.80, -108.07, -107.29, -85.49, -92.73
18178, 30.00, 23.00, -96.22, -97.99, 0, 0, -94.80, -106.92, -106.72, -85.70, -94.87
18221, 46.00, 35.75, -96.15, -99.57, 0, 0, -92.36, -106.73, -106.98, -85.92, -97.01
18264, 49.00, 40.25, -97.76, -97.17, 0, 0, -92.92, -107.39, -107.06, -86.13, -99.08
18306, 41.50, 48.00, -98.10, -97.94, 0, 0, -93.64, -107.40, -106.94, -86.33, -100.99
18349, 16.25, 28.00, -98.15, -96.41, 0, 0, -93.03, -107.35, -107.04, -86.54, -102.68
18392, 13.00, 46.00, -98.40, -97.02, 0, 0, -91.98, -107.78, -106.89, -86.75, -104.08
18435, 31.50, 46.50, -96.85, -96.77, 0, 0, -90.17, -107.11, -106.23, -86.94, -105.18
18477, 30.00, 26.75, -96.50, -98.52, 0, 0, -88.95, -107.84, -107.40, -87.14, -106.01
18520, 32.00, 10.75, -95.91, -87.32, 0, 0, -86.67, -107.78, -107.23, -87.35, -106.60
18562, 44.75, 10.50, -98.77, -77.80, 0, 0, -81.55, -105.99, -106.63, -87.54, -106.98
18606, 31.00, 10.00, -98.33, -68.02, 0, 0, -67.01, -103.43, -105.72, -87.72, -107.20
18648, 50.00, 10.50, -98.01, -43.76, 0, 0, -66.90, -100.25, -104.86, -87.89, -107.32
18691, 45.00, 10.00, -97.10, -33.55, 0, 0, -75.34, -95.34, -103.10, -88.04, -107.37
18733, 24.25, 10.00, -95.37, -33.23, 0, 0, -68.13, -95.73, -103.09, -88.19, -107.34
18776, 13.00, 10.50, -77.08, -20.58, 0, 0, -55.70, -84.42, -91.40, -88.23, -107.26
18819, 13.00, 10.00, -27.54, -30.32, 0, 0, -41.04, -52.33, -63.04, -87.97, -107.11
18861, 12.50, 23.00, -26.03, -34.08, 0, 0, -29.77, -49.95, -61.28, -87.71, -106.84
18904, 11.25, 10.00, -39.21, -33.59, 0, 0, -27.30, -59.11, -70.30, -87.53, -106.39
18946, 17.75, 13.00, -36.14, -27.11, 0, 0, -24.55, -51.19, -63.00, -87.29, -105.70
18989, 10.25, 14.00, -34.96, -39.61, 0, 0, -26.89, -61.32, -72.75, -87.14, -104.73
19032, 10.00, 31.50, -29.09, -99.47, 0, 0, -47.66, -93.40, -102.22, -87.29, -103.44
19074, 10.25, 41.00, -18.98, -96.84, 0, 0, -56.05, -92.16, -101.85, -87.44, -101.85
19117, 10.50, 31.50, -33.91, -97.90, 0, 0, -49.37, -94.49, -102.71, -87.59, -100.00
19160, 10.00, 31.00, -52.61, -98.49, 0, 0, -44.71, -100.78, -104.85, -87.76, -97.95
19202, 11.25, 49.00, -69.33, -97.60, 0, 0, -56.53, -103.49, -105.23, -87.94, -95.78
19246, 12.50, 37.25, -82.51, -97.64, 0, 0, -67.23, -106.43, -107.07, -88.13, -93.57
19288, 10.50, 39.75, -94.36, -97.92, 0, 0, -72.25, -108.70, -107.96, -88.33, -91.42
19331, 41.75, 23.00, -98.03, -99.18, 0, 0, -78.85, -108.18, -107.39, -88.52, -89.42
19374, 47.50, 28.00, -99.57, -98.54, 0, 0, -83.92, -108.61, -107.94, -88.71, -87.66
19416, 41.50, 23.25, -97.42, -98.68, 0, 0, -87.83, -107.32, -107.34, -88.90, -86.22
19459, 10.00, 49.25, -98.36, -98.02, 0, 0, -88.77, -107.97, -107.66, -89.09, -85.17
19501, 31.50, 14.25, -96.38, -98.92, 0, 0, -91.90, -107.76, -106.96, -89.27, -84.54
19544, 10.00, 32.50, -97.59, -97.94, 0, 0, -91.28, -107.45, -107.16, -89.45, -84.37
19607, 10.25, 41.25, -98.48, -98.09, 0, 0, -92.33, -108.58, -107.85, -89.63, -84.67
19629, 32.50, 43.25, -92.44, -95.48, 0, 0, -93.55, -105.75, -105.06, -89.78, -85.42
19672, 34.75, 47.50, -96.32, -94.68, 0, 0, -92.91, -105.52, -104.86, -89.93, -86.59
19715, 30.25, 44.75, -96.87, -97.42, 0, 0, -91.12, -108.08, -107.95, -90.11, -88.13
19757, 10.75, 15.00, -96.61, -99.79, 0, 0, -93.80, -107.66, -107.51, -90.29, -89.96
19800, 31.50, 35.75, -96.18, -98.05, 0, 0, -93.09, -107.72, -107.15, -90.46, -92.02
19842, 31.00, 40.00, -95.83, -98.09, 0, 0, -92.29, -106.82, -107.19, -90.62, -94.21
19885, 32.00, 25.00, -97.30, -98.60, 0, 0, -92.07, -107.91, -107.69, -90.79, -96.43
19928, 41.50, 10.25, -97.23, -98.18, 0, 0, -91.29, -107.89, -107.35, -90.96, -98.59
19971, 36.50, 40.75, -97.46, -97.84, 0, 0, -89.72, -107.36, -107.21, -91.12, -100.60
20013, 31.50, 10.25, -96.03, -90.31, 0, 0, -86.41, -106.28, -105.46, -91.27, -102.40
20056, 32.00, 10.25, -94.65, -77.77, 0, 0, -86.55, -104.14, -105.10, -91.40, -103.91
20098, 19.25, 14.25, -97.54, -73.17, 0, 0, -71.22, -103.74, -105.85, -91.55, -105.11
20141, 46.75, 10.00, -98.08, -45.16, 0, 0, -64.81, -100.55, -105.13, -91.68, -105.97
20184, 30.00, 10.50, -96.29, -35.24, 0, 0, -70.33, -98.76, -104.25, -91.81, -106.55
20226, 42.25, 10.75, -97.24, -30.02, 0, 0, -73.60, -95.24, -102.90, -91.92, -106.88
20270, 35.00, 10.50, -98.32, -23.72, 0, 0, -62.82, -92.84, -102.16, -92.02, -107.01
20312, 18.00, 10.00, -56.10, -27.34, 0, 0, -48.79, -73.78, -85.59, -91.96, -106.99
20355, 10.50, 17.00, -24.65, -32.91, 0, 0, -36.33, -48.43, -60.07, -91.64, -106.82
20397, 10.00, 16.50, -34.92, -43.01, 0, 0, -28.22, -61.08, -72.04, -91.44, -106.47
20440, 14.50, 10.00, -37.48, -36.04, 0, 0, -28.17, -58.14, -69.14, -91.22, -105.90
20482, 12.00, 10.00, -47.75, -42.33, 0, 0, -28.20, -61.91, -73.02, -91.04, -105.08
20526, 10.00, 14.00, -41.41, -62.91, 0, 0, -33.91, -88.27, -98.74, -91.12, -103.98
20568, 10.25, 21.50, -27.15, -92.73, 0, 0, -45.97, -94.65, -102.56, -91.23, -102.60
20611, 11.00, 38.25, -30.85, -98.72, 0, 0, -54.21, -95.37, -102.32, -91.34, -100.99
20653, 10.00, 46.75, -40.08, -98.86, 0, 0, -42.98, -97.89, -103.24, -91.46, -99.19
20696, 14.75, 48.00, -63.92, -95.31, 0, 0, -44.76, -101.60, -105.26, -91.60, -97.27
20738, 12.75, 32.50, -71.91, -98.64, 0, 0, -57.27, -104.15, -105.82, -91.74, -95.30
20781, 10.25, 48.00, -84.96, -97.52, 0, 0, -65.07, -106.78, -106.75, -91.89, -93.35
20824, 12.75, 49.75, -97.06, -96.28, 0, 0, -74.01, -107.01, -105.77, -92.03, -91.51
20866, 30.50, 21.25, -97.72, -98.43, 0, 0, -80.67, -108.19, -107.04, -92.18, -89.86
20909, 41.25, 34.50, -97.45, -98.77, 0, 0, -85.18, -107.54, -106.77, -92.33, -88.46
20952, 37.50, 20.50, -98.12, -97.86, 0, 0, -89.95, -107.77, -106.99, -92.47, -87.39
20994, 35.75, 44.00, -98.81, -97.19, 0, 0, -92.41, -107.37, -106.94, -92.62, -86.69
21038, 19.50, 48.00, -98.81, -97.62, 0, 0, -96.76, -107.37, -106.48, -92.76, -86.39
21080, 48.25, 44.25, -97.44, -96.05, 0, 0, -93.73, -106.20, -106.08, -92.89, -86.51
21123, 22.25, 19.75, -97.99, -98.13, 0, 0, -92.96, -107.06, -106.51, -93.03, -87.04
21166, 14.00, 33.50, -95.21, -98.14, 0, 0, -93.53, -105.21, -106.31, -93.16, -87.95
21208, 39.75, 11.25, -97.01, -96.15, 0, 0, -94.56, -106.29, -106.53, -93.29, -89.20
21251, 30.00, 46.75, -95.94, -97.23, 0, 0, -93.31, -106.57, -106.33, -93.42, -90.74
21293, 10.75, 47.75, -97.33, -97.50, 0, 0, -93.29, -107.44, -106.87, -93.56, -92.49
21336, 31.50, 27.50, -97.56, -97.25, 0, 0, -89.61, -107.47, -106.69, -93.69, -94.39
21379, 37.00, 41.00, -98.66, -97.74, 0, 0, -89.88, -107.19, -106.61, -93.82, -96.34
21421, 12.00, 10.25, -97.23, -97.94, 0, 0, -85.15, -107.82, -107.18, -93.95, -98.28
21464, 23.75, 10.25, -98.60, -77.26, 0, 0, -79.12, -106.33, -106.32, -94.07, -100.12
21506, 18.00, 13.00, -96.60, -73.22, 0, 0, -68.81, -103.43, -104.90, -94.18, -101.79
21550, 47.25, 10.00, -97.19, -59.79, 0, 0, -63.06, -100.43, -103.62, -94.28, -103.23
21592, 31.00, 10.00, -97.93, -39.30, 0, 0, -69.90, -98.12, -103.49, -94.37, -104.39
21635, 31.25, 10.75, -99.40, -28.00, 0, 0, -73.06, -95.86, -103.11, -94.46, -105.25
21678, 48.25, 10.25, -97.84, -29.09, 0, 0, -64.78, -94.59, -102.32, -94.54, -105.81
21720, 18.00, 10.00, -39.38, -40.52, 0, 0, -45.73, -60.99, -71.81, -94.31, -106.12
21763, 15.75, 14.25, -32.53, -35.21, 0, 0, -34.36, -54.22, -65.27, -94.02, -106.18
21805, 17.75, 12.75, -36.00, -29.64, 0, 0, -25.75, -53.58, -65.29, -93.73, -105.99
21848, 14.75, 10.00, -38.35, -37.17, 0, 0, -29.58, -59.55, -70.41, -93.50, -105.53
21891, 14.50, 11.00, -34.05, -25.33, 0, 0, -24.89, -52.16, -63.40, -93.20, -104.76
21933, 10.25, 13.25, -38.24, -44.20, 0, 0, -28.34, -65.20, -77.50, -93.04, -103.66
21976, 10.00, 46.25, -22.66, -98.21, 0, 0, -42.98, -90.41, -100.86, -93.12, -102.23
22019, 11.00, 23.00, -23.49, -88.08, 0, 0, -55.82, -90.44, -101.54, -93.20, -100.49
22061, 11.00, 40.00, -26.41, -99.09, 0, 0, -49.46, -93.28, -102.30, -93.29, -98.51
22104, 10.00, 44.00, -44.45, -98.85, 0, 0, -42.39, -96.19, -102.55, -93.39, -96.35
22147, 10.00, 45.50, -67.05, -96.79, 0, 0, -55.01, -103.97, -105.99, -93.51, -94.08
22190, 10.25, 48.50, -81.81, -98.06, 0, 0, -66.45, -106.16, -106.11, -93.64, -91.80
22232, 42.00, 10.25, -96.67, -99.54, 0, 0, -81.52, -106.84, -106.88, -93.77, -89.60
22275, 10.00, 16.25, -96.97, -96.45, 0, 0, -88.86, -107.11, -106.94, -93.90, -87.58
22317, 32.00, 12.25, -98.84, -96.32, 0, 0, -90.84, -107.19, -106.67, -94.03, -85.82
22360, 33.75, 36.50, -97.26, -96.92, 0, 0, -91.05, -106.86, -106.68, -94.16, -84.39
22402, 37.25, 32.25, -99.08, -96.01, 0, 0, -88.21, -107.56, -107.43, -94.29, -83.37
22445, 31.00, 47.50, -98.37, -96.31, 0, 0, -89.04, -106.39, -106.21, -94.41, -82.80
22488, 49.25, 48.50, -96.59, -97.72, 0, 0, -88.57, -107.65, -107.18, -94.54, -82.70
22530, 14.25, 45.00, -96.95, -99.44, 0, 0, -85.63, -107.37, -106.90, -94.66, -83.08
22574, 37.25, 10.00, -95.35, -95.46, 0, 0, -87.13, -106.25, -106.59, -94.78, -83.92
22616, 37.25, 11.00, -96.76, -96.22, 0, 0, -87.55, -107.44, -106.87, -94.90, -85.19
22659, 30.00, 15.75, -97.93, -97.31, 0, 0, -88.35, -107.72, -107.03, -95.02, -86.84
22701, 41.00, 50.00, -97.74, -98.57, 0, 0, -86.91, -108.04, -106.93, -95.14, -88.78
22744, 40.50, 10.00, -97.37, -98.19, 0, 0, -84.29, -107.20, -106.79, -95.26, -90.94
22786, 21.00, 26.00, -97.53, -97.48, 0, 0, -85.64, -107.58, -107.46, -95.38, -93.22
22829, 13.00, 10.00, -75.37, -73.67, 0, 0, -57.64, -91.59, -99.77, -95.42, -95.53
22872, 11.50, 10.75, -66.83, -66.77, 0, 0, -50.49, -85.89, -95.70, -95.42, -97.75
22914, 12.50, 10.25, -72.29, -67.21, 0, 0, -53.54, -87.60, -97.31, -95.44, -99.79
22957, 11.50, 10.75, -66.32, -66.66, 0, 0, -52.69, -85.50, -95.98, -95.45, -101.53
23000, 10.50, 11.00, -64.12, -66.57, 0, 0, -52.01, -85.61, -95.95, -95.45, -102.89
23043, 10.25, 10.75, -80.98, -81.09, 0, 0, -62.93, -98.37, -103.84, -95.54, -103.82
23085, 10.00, 11.50, -96.39, -96.28, 0, 0, -77.99, -107.87, -107.17, -95.65, -104.32
23128, 31.00, 33.25, -97.76, -97.55, 0, 0, -83.54, -107.09, -107.05, -95.77, -104.45
23171, 31.50, 14.50, -95.56, -94.26, 0, 0, -77.28, -106.52, -106.24, -95.87, -104.28
23213, 11.50, 14.25, -98.07, -96.27, 0, 0, -80.11, -107.34, -106.76, -95.98, -103.88
23256, 48.50, 24.75, -98.72, -97.15, 0, 0, -78.03, -106.55, -106.48, -96.09, -103.35
23298, 49.50, 29.75, -96.32, -98.84, 0, 0, -86.94, -107.81, -106.86, -96.19, -102.75
23341, 40.75, 37.00, -98.35, -97.75, 0, 0, -88.69, -107.98, -107.35, -96.31, -102.14
23384, 30.75, 39.25, -96.25, -98.14, 0, 0, -91.06, -107.45, -106.76, -96.41, -101.55
23426, 35.00, 37.75, -97.17, -98.56, 0, 0, -91.01, -107.35, -106.72, -96.51, -101.04
23470, 46.00, 10.75, -95.25, -98.84, 0, 0, -91.91, -108.05, -106.88, -96.62, -100.64
23512, 45.50, 30.00, -97.40, -98.38, 0, 0, -92.68, -108.14, -107.74, -96.73, -100.37
23554, 30.25, 43.00, -95.93, -96.27, 0, 0, -93.82, -105.21, -104.70, -96.81, -100.25
23597, 49.50, 31.00, -97.65, -97.82, 0, 0, -95.53, -106.66, -106.48, -96.91, -100.27
23640, 27.25, 49.50, -98.36, -98.05, 0, 0, -93.60, -108.11, -106.85, -97.00, -100.44
23682, 28.25, 39.75, -98.31, -98.36, 0, 0, -95.95, -108.63, -107.70, -97.11, -100.75
23726, 31.00, 26.50, -96.36, -98.89, 0, 0, -95.47, -107.37, -106.77, -97.21, -101.19
23768, 30.50, 41.75, -96.26, -98.99, 0, 0, -94.53, -107.78, -107.35, -97.31, -101.74
23811, 18.25, 36.75, -97.82, -98.22, 0, 0, -94.01, -107.50, -107.63, -97.41, -102.38
23853, 43.75, 43.00, -98.38, -99.09, 0, 0, -93.00, -107.12, -106.94, -97.51, -103.07
23896, 47.00, 22.50, -97.37, -97.45, 0, 0, -91.99, -107.73, -106.97, -97.60, -103.80
23939, 23.00, 41.00, -97.95, -97.67, 0, 0, -95.11, -108.09, -107.32, -97.70, -104.53
23981, 49.75, 49.50, -98.00, -98.66, 0, 0, -94.48, -107.54, -107.55, -97.80, -105.22
24024, 45.00, 21.25, -97.78, -100.11, 0, 0, -95.55, -107.86, -107.02, -97.89, -105.85
24066, 39.50, 30.00, -97.50, -98.79, 0, 0, -94.59, -107.82, -107.09, -97.98, -106.39
24109, 33.50, 17.25, -98.31, -97.93, 0, 0, -95.93, -107.92, -107.25, -98.08, -106.81
24152, 11.75, 43.75, -98.50, -98.42, 0, 0, -94.71, -108.61, -107.39, -98.17, -107.12
24194, 16.75, 37.00, -98.40, -100.09, 0, 0, -95.26, -108.26, -107.03, -98.26, -107.32
24238, 41.25, 12.75, -98.57, -98.55, 0, 0, -96.95, -107.51, -106.95, -98.34, -107.44
24280, 35.75, 40.75, -97.99, -96.82, 0, 0, -95.80, -108.07, -107.14, -98.43, -107.51
24323, 37.50, 12.50, -96.04, -97.62, 0, 0, -94.61, -107.51, -106.76, -98.51, -107.55
24365, 33.25, 49.25, -98.56, -97.42, 0, 0, -94.03, -107.16, -106.79, -98.60, -107.58
24408, 31.50, 42.75, -95.63, -96.81, 0, 0, -95.40, -106.86, -106.63, -98.68, -107.61
24451, 29.00, 30.75, -96.00, -98.93, 0, 0, -96.80, -107.79, -107.00, -98.76, -107.64
24493, 29.00, 27.00, -98.11, -97.03, 0, 0, -97.01, -107.15, -106.50, -98.84, -107.67
24536, 49.00, 49.50, -97.90, -98.71, 0, 0, -97.52, -107.70, -107.40, -98.92, -107.69
24579, 38.00, 36.25, -97.41, -99.24, 0, 0, -96.74, -106.85, -106.84, -99.00, -107.71
24621, 44.00, 50.00, -98.12, -97.50, 0, 0, -95.32, -107.34, -107.10, -99.08, -107.73
24664, 47.25, 24.00, -95.89, -98.97, 0, 0, -96.13, -107.75, -107.02, -99.16, -107.74
24706, 46.50, 20.00, -98.87, -97.90, 0, 0, -94.65, -108.22, -107.26, -99.24, -107.74
24750, 47.00, 20.00, -96.23, -99.21, 0, 0, -97.95, -107.77, -107.23, -99.32, -107.74
24878, 25.00, 39.00, -97.08, -97.60, 0, 0, -97.92, -108.06, -107.28, -99.40, -107.73
24920, 37.50, 22.25, -95.40, -96.59, 0, 0, -96.91, -106.90, -106.80, -99.48, -107.71
24962, 41.75, 42.00, -98.37, -97.85, 0, 0, -95.27, -106.97, -106.18, -99.54, -107.69
25006, 37.25, 42.25, -98.95, -97.97, 0, 0, -96.99, -107.75, -106.78, -99.62, -107.67
25048, 39.25, 31.00, -97.18, -97.27, 0, 0, -96.77, -107.28, -106.84, -99.69, -107.65
25091, 36.50, 36.25, -96.80, -97.26, 0, 0, -94.10, -106.48, -106.53, -99.76, -107.63
25133, 41.25, 29.50, -96.23, -97.30, 0, 0, -93.97, -106.45, -106.93, -99.83, -107.61
25176, 31.00, 13.50, -98.14, -96.87, 0, 0, -95.53, -106.44, -106.72, -99.90, -107.58
25219, 12.25, 33.50, -97.78, -98.19, 0, 0, -96.34, -107.49, -106.72, -99.97, -107.55
25262, 30.00, 30.75, -98.50, -97.25, 0, 0, -95.21, -107.96, -106.56, -100.03, -107.52
25304, 34.25, 46.25, -97.19, -97.61, 0, 0, -94.78, -107.31, -106.72, -100.10, -107.49
25347, 29.50, 48.25, -97.66, -97.24, 0, 0, -96.76, -107.51, -106.88, -100.17, -107.46
25389, 35.75, 19.25, -97.38, -95.66, 0, 0, -96.98, -106.23, -106.27, -100.23, -107.43
25432, 30.50, 44.25, -97.67, -98.44, 0, 0, -98.65, -108.06, -107.15, -100.30, -107.41
25475, 50.00, 43.25, -97.45, -98.82, 0, 0, -95.11, -107.82, -107.06, -100.37, -107.38
25517, 30.75, 32.25, -97.78, -96.21, 0, 0, -95.78, -107.91, -107.34, -100.44, -107.36
25560, 19.00, 48.25, -99.04, -99.64, 0, 0, -95.56, -108.16, -107.76, -100.51, -107.34
25602, 30.00, 10.00, -100.09, -97.25, 0, 0, -96.85, -108.05, -107.64, -100.58, -107.32
25646, 17.00, 33.75, -98.73, -97.42, 0, 0, -97.37, -108.23, -107.19, -100.65, -107.31
25688, 47.00, 27.50, -97.59, -98.53, 0, 0, -97.03, -108.00, -107.22, -100.71, -107.30
25730, 29.25, 16.75, -99.26, -97.54, 0, 0, -94.84, -108.56, -107.69, -100.78, -107.30
25774, 47.75, 45.50, -94.95, -98.32, 0, 0, -96.47, -107.40, -106.55, -100.84, -107.31
25816, 26.75, 29.50, -97.71, -96.54, 0, 0, -95.83, -106.83, -106.36, -100.89, -107.33
25859, 23.50, 37.00, -97.86, -96.29, 0, 0, -94.94, -106.79, -106.53, -100.95, -107.35
25901, 17.50, 46.75, -96.57, -98.48, 0, 0, -94.73, -107.20, -106.96, -101.01, -107.38
25944, 30.75, 34.25, -97.08, -99.55, 0, 0, -95.98, -107.04, -106.77, -101.07, -107.42
25987, 30.75, 43.00, -93.72, -96.98, 0, 0, -94.94, -107.77, -107.25, -101.13, -107.45
26029, 31.50, 32.00, -97.04, -97.21, 0, 0, -95.30, -106.44, -106.91, -101.19, -107.49
26072, 41.75, 29.50, -94.74, -96.24, 0, 0, -95.50, -107.71, -107.16, -101.25, -107.52
26114, 33.25, 40.25, -98.53, -98.35, 0, 0, -95.22, -107.83, -106.93, -101.30, -107.55
26158, 14.75, 36.00, -98.18, -98.04, 0, 0, -94.88, -107.37, -106.77, -101.36, -107.58
26200, 39.50, 36.00, -98.44, -98.36, 0, 0, -96.76, -108.41, -107.28, -101.42, -107.60
26243, 44.50, 35.00, -97.71, -97.58, 0, 0, -97.49, -107.22, -106.72, -101.47, -107.61
26285, 27.50, 41.25, -97.19, -98.77, 0, 0, -96.49, -108.16, -107.26, -101.53, -107.61
26328, 31.50, 28.00, -97.89, -98.27, 0, 0, -96.02, -107.96, -107.19, -101.59, -107.61
26370, 39.75, 47.00, -96.89, -95.88, 0, 0, -96.15, -107.40, -107.13, -101.64, -107.60
26414, 39.75, 15.00, -97.46, -97.50, 0, 0, -96.17, -107.65, -107.32, -101.70, -107.59
26456, 40.75, 29.50, -96.29, -99.27, 0, 0, -96.81, -107.54, -107.00, -101.75, -107.57
26499, 34.50, 34.75, -96.81, -97.01, 0, 0, -95.68, -107.01, -107.01, -101.80, -107.56
26541, 30.00, 37.50, -96.59, -96.59, 0, 0, -97.28, -108.14, -107.23, -101.86, -107.55
26584, 24.75, 31.00, -96.48, -98.25, 0, 0, -95.39, -107.06, -106.86, -101.91, -107.54
26626, 30.50, 21.25, -98.41, -98.80, 0, 0, -96.15, -108.27, -107.38, -101.96, -107.53
26670, 27.50, 23.00, -97.39, -98.38, 0, 0, -96.59, -106.84, -106.49, -102.01, -107.52
26712, 11.75, 10.25, -98.83, -98.72, 0, 0, -94.41, -107.29, -106.99, -102.06, -107.52
26755, 32.00, 38.75, -98.18, -96.03, 0, 0, -94.71, -107.18, -106.91, -102.11, -107.52
26797, 23.00, 42.00, -96.00, -96.34, 0, 0, -94.53, -108.10, -107.54, -102.16, -107.53
26840, 33.00, 23.50, -98.90, -96.55, 0, 0, -93.93, -107.68, -106.96, -102.21, -107.54
26883, 23.00, 12.00, -97.18, -96.80, 0, 0, -96.07, -107.40, -107.06, -102.26, -107.55
26926, 31.50, 49.75, -97.08, -96.52, 0, 0, -94.96, -107.29, -107.21, -102.31, -107.56
26968, 40.50, 31.00, -97.94, -97.43, 0, 0, -96.12, -107.79, -107.23, -102.36, -107.57
27011, 30.50, 41.50, -97.15, -98.51, 0, 0, -95.48, -107.00, -107.31, -102.41, -107.58
27053, 44.25, 12.75, -98.56, -97.23, 0, 0, -93.57, -107.70, -107.08, -102.45, -107.58
27096, 42.25, 40.25, -97.31, -96.50, 0, 0, -94.91, -107.43, -107.25, -102.50, -107.58
27139, 49.50, 41.00, -97.96, -95.98, 0, 0, -95.37, -107.15, -106.77, -102.54, -107.57
27182, 12.25, 44.50, -98.69, -96.58, 0, 0, -97.74, -107.38, -106.97, -102.59, -107.56
27224, 44.50, 41.25, -98.22, -96.99, 0, 0, -97.70, -108.27, -107.59, -102.64, -107.55
27267, 36.00, 38.50, -97.98, -98.75, 0, 0, -96.52, -107.75, -106.87, -102.68, -107.54
27309, 10.00, 45.00, -97.95, -95.68, 0, 0, -96.49, -107.28, -107.07, -102.72, -107.52
27352, 17.75, 30.50, -98.60, -98.66, 0, 0, -94.82, -107.66, -106.81, -102.76, -107.51
27395, 35.00, 31.00, -98.49, -97.98, 0, 0, -94.93, -108.37, -107.52, -102.81, -107.51
27438, 10.50, 45.25, -97.48, -97.41, 0, 0, -78.80, -107.32, -106.68, -102.85, -107.50
27480, 48.75, 26.00, -98.42, -97.45, 0, 0, -91.89, -107.89, -107.11, -102.89, -107.50
27523, 29.75, 49.00, -99.10, -96.28, 0, 0, -91.95, -108.48, -106.89, -102.93, -107.50
27566, 30.00, 31.50, -95.33, -98.33, 0, 0, -93.32, -107.54, -106.59, -102.97, -107.51
27608, 44.50, 39.00, -95.97, -96.94, 0, 0, -94.53, -107.48, -106.75, -103.01, -107.52
27651, 24.00, 50.00, -97.64, -99.29, 0, 0, -96.42, -107.54, -106.99, -103.05, -107.53
27693, 31.00, 31.75, -96.34, -97.11, 0, 0, -93.24, -108.28, -107.33, -103.09, -107.55
27736, 39.25, 27.50, -98.38, -97.33, 0, 0, -92.32, -108.08, -107.21, -103.13, -107.57
27779, 34.75, 31.75, -98.88, -95.16, 0, 0, -95.63, -107.06, -106.14, -103.16, -107.59
27821, 22.75, 43.50, -95.58, -96.92, 0, 0, -94.57, -107.19, -106.87, -103.20, -107.61
27864, 10.00, 39.50, -97.79, -95.76, 0, 0, -92.77, -107.67, -106.92, -103.24, -107.63
27907, 33.00, 49.00, -97.92, -96.84, 0, 0, -95.47, -107.15, -107.12, -103.27, -107.65
27950, 41.00, 31.00, -95.75, -97.43, 0, 0, -94.13, -107.11, -106.85, -103.31, -107.67
27992, 48.25, 22.00, -99.07, -98.17, 0, 0, -95.84, -107.50, -107.25, -103.35, -107.68
28035, 34.50, 49.25, -97.29, -97.84, 0, 0, -93.58, -108.41, -107.44, -103.39, -107.69
28077, 46.00, 49.25, -97.17, -97.97, 0, 0, -87.70, -107.95, -107.17, -103.43, -107.70
28120, 32.00, 49.50, -96.93, -98.59, 0, 0, -88.63, -107.83, -107.40, -103.47, -107.70
28163, 31.50, 22.00, -97.11, -99.08, 0, 0, -89.68, -107.65, -107.22, -103.51, -107.70
28205, 33.25, 11.25, -96.38, -97.64, 0, 0, -92.41, -107.90, -107.05, -103.54, -107.70
28248, 45.00, 31.75, -96.00, -97.25, 0, 0, -95.38, -107.16, -107.44, -103.58, -107.69
28291, 45.00, 10.50, -97.28, -98.08, 0, 0, -92.97, -107.98, -107.55, -103.62, -107.69
28334, 11.75, 40.75, -98.34, -99.06, 0, 0, -95.70, -108.44, -107.47, -103.66, -107.68
28376, 41.00, 30.00, -97.77, -96.12, 0, 0, -94.25, -107.43, -106.43, -103.69, -107.67
28419, 42.00, 41.00, -97.19, -96.64, 0, 0, -92.23, -107.02, -106.37, -103.71, -107.66
28461, 45.25, 41.00, -96.52, -96.32, 0, 0, -94.37, -107.15, -106.83, -103.74, -107.66
28504, 16.25, 30.25, -98.17, -99.49, 0, 0, -95.40, -108.08, -107.00, -103.78, -107.65
28547, 49.00, 30.50, -99.22, -99.54, 0, 0, -89.56, -107.77, -106.91, -103.81, -107.65
28589, 19.50, 35.25, -97.08, -95.43, 0, 0, -90.94, -107.08, -106.97, -103.84, -107.65
28632, 33.25, 42.00, -97.23, -98.64, 0, 0, -93.98, -107.63, -106.64, -103.87, -107.65
28675, 15.25, 48.75, -96.90, -97.65, 0, 0, -92.89, -106.77, -106.52, -103.89, -107.65
28717, 42.50, 10.50, -96.56, -94.64, 0, 0, -95.75, -108.36, -107.18, -103.93, -107.65
28760, 35.00, 29.00, -98.73, -97.95, 0, 0, -93.58, -108.43, -106.72, -103.95, -107.65
28803, 48.25, 15.00, -96.07, -99.05, 0, 0, -93.76, -107.82, -106.54, -103.98, -107.65
28846, 31.00, 38.50, -96.48, -96.14, 0, 0, -95.22, -106.87, -105.93, -104.00, -107.65
28888, 30.50, 27.50, -97.78, -99.09, 0, 0, -94.35, -107.71, -106.71, -104.03, -107.65
28931, 14.50, 31.00, -96.64, -98.50, 0, 0, -95.16, -107.11, -107.08, -104.06, -107.65
28973, 32.50, 21.00, -100.18, -98.24, 0, 0, -93.44, -108.47, -107.40, -104.09, -107.65
29016, 36.50, 33.25, -95.26, -96.38, 0, 0, -97.07, -107.53, -107.13, -104.12, -107.65
29059, 46.75, 47.00, -97.05, -98.10, 0, 0, -92.33, -107.38, -107.20, -104.15, -107.64
29101, 30.50, 33.50, -96.83, -96.38, 0, 0, -95.48, -107.10, -106.88, -104.18, -107.64
29144, 45.75, 46.25, -99.10, -96.23, 0, 0, -94.83, -107.43, -107.34, -104.21, -107.63
29187, 33.50, 40.25, -98.79, -99.01, 0, 0, -94.02, -107.73, -107.26, -104.24, -107.62
29229, 41.50, 40.75, -96.68, -97.65, 0, 0, -92.68, -107.81, -107.05, -104.27, -107.61
29272, 31.75, 18.75, -96.83, -99.77, 0, 0, -93.56, -107.73, -107.18, -104.30, -107.61
29315, 32.50, 11.25, -97.88, -97.90, 0, 0, -91.51, -108.24, -106.75, -104.32, -107.60
29358, 41.25, 21.50, -96.69, -98.38, 0, 0, -92.31, -106.65, -106.53, -104.35, -107.60
29400, 41.50, 50.00, -97.11, -96.31, 0, 0, -91.36, -107.47, -106.86, -104.37, -107.60
29443, 39.50, 39.25, -94.48, -96.49, 0, 0, -92.20, -106.36, -106.82, -104.40, -107.60
29485, 32.25, 26.00, -97.78, -96.92, 0, 0, -93.71, -106.53, -106.36, -104.41, -107.60
29528, 30.00, 41.50, -98.82, -95.90, 0, 0, -92.59, -106.93, -106.71, -104.44, -107.59
29571, 33.50, 23.50, -98.07, -98.27, 0, 0, -92.59, -107.78, -106.89, -104.46, -107.59
29614, 40.50, 28.25, -96.43, -96.98, 0, 0, -94.01, -107.14, -106.27, -104.48, -107.57
29656, 42.50, 37.00, -96.68, -94.53, 0, 0, -93.52, -106.49, -106.16, -104.50, -107.56
29699, 30.50, 27.00, -96.74, -95.44, 0, 0, -92.46, -105.81, -106.11, -104.51, -107.53
29741, 42.25, 10.25, -98.45, -98.56, 0, 0, -92.75, -108.67, -107.35, -104.54, -107.51
29784, 42.50, 12.50, -97.53, -98.56, 0, 0, -91.36, -107.80, -107.28, -104.57, -107.47
29827, 32.50, 37.50, -97.93, -98.03, 0, 0, -92.08, -108.43, -106.94, -104.59, -107.44
29870, 11.00, 49.75, -98.12, -99.47, 0, 0, -93.06, -108.63, -107.36, -104.62, -107.40
29912, 23.00, 11.00, -98.24, -98.95, 0, 0, -94.11, -108.21, -107.52, -104.65, -107.37
29955, 35.00, 45.25, -98.14, -97.63, 0, 0, -91.72, -108.15, -107.25, -104.68, -107.35
29997, 31.00, 25.50, -97.34, -98.63, 0, 0, -93.47, -107.97, -107.36, -104.70, -107.33
30040, 23.75, 30.25, -98.80, -97.22, 0, 0, -96.53, -107.43, -107.11, -104.73, -107.32
30083, 39.00, 28.00, -98.58, -96.41, 0, 0, -95.88, -108.05, -107.44, -104.75, -107.32
30126, 41.50, 31.00, -98.39, -98.05, 0, 0, -95.80, -108.23, -106.98, -104.78, -107.33
30168, 36.75, 43.00, -95.58, -97.74, 0, 0, -91.82, -107.98, -106.97, -104.80, -107.35
30211, 32.25, 30.00, -95.32, -96.33, 0, 0, -91.59, -107.09, -106.28, -104.81, -107.38
30253, 31.50, 18.75, -95.70, -99.00, 0, 0, -88.30, -107.47, -107.02, -104.83, -107.41
30296, 30.00, 31.50, -97.45, -96.56, 0, 0, -89.63, -107.21, -105.95, -104.85, -107.46
30339, 10.25, 49.00, -96.99, -96.69, 0, 0, -91.17, -106.36, -105.86, -104.86, -107.50
30382, 29.50, 13.00, -97.73, -97.36, 0, 0, -90.77, -106.35, -106.26, -104.87, -107.55
30424, 46.00, 47.50, -96.71, -95.49, 0, 0, -91.68, -106.90, -106.26, -104.88, -107.60
30467, 30.50, 35.00, -98.09, -96.97, 0, 0, -92.32, -107.41, -106.44, -104.90, -107.63
30510, 12.50, 32.50, -98.68, -97.00, 0, 0, -93.14, -107.20, -106.74, -104.92, -107.66
30552, 30.00, 34.75, -97.27, -96.92, 0, 0, -94.04, -106.87, -106.57, -104.93, -107.68
30595, 40.25, 31.50, -98.02, -96.71, 0, 0, -94.24, -107.08, -106.28, -104.95, -107.69
30637, 15.00, 30.50, -99.52, -96.65, 0, 0, -94.37, -107.63, -106.72, -104.97, -107.69
30680, 47.50, 32.50, -98.41, -97.57, 0, 0, -94.67, -108.45, -107.38, -104.99, -107.67
30723, 29.50, 41.25, -97.80, -99.01, 0, 0, -94.06, -108.17, -107.06, -105.01, -107.64
30766, 23.50, 39.25, -97.84, -98.72, 0, 0, -96.02, -108.15, -107.44, -105.03, -107.60
30808, 24.25, 18.25, -98.49, -98.70, 0, 0, -95.24, -108.83, -107.84, -105.06, -107.55
30851, 41.25, 26.50, -98.25, -98.72, 0, 0, -95.45, -108.24, -107.63, -105.09, -107.51
30893, 39.25, 14.00, -97.35, -97.53, 0, 0, -91.86, -107.71, -107.28, -105.11, -107.47
30936, 17.75, 40.75, -99.12, -97.53, 0, 0, -93.22, -107.67, -106.91, -105.13, -107.44
30979, 41.50, 41.00, -96.90, -98.24, 0, 0, -96.68, -108.71, -107.62, -105.15, -107.42
31021, 34.50, 41.25, -97.44, -97.07, 0, 0, -91.28, -107.85, -107.11, -105.17, -107.41
31064, 35.75, 48.50, -97.59, -97.36, 0, 0, -93.19, -107.58, -107.18, -105.19, -107.41
31107, 31.50, 12.00, -97.91, -97.04, 0, 0, -95.30, -107.34, -106.94, -105.21, -107.43
31149, 13.25, 15.25, -98.06, -97.46, 0, 0, -94.92, -108.12, -107.11, -105.23, -107.47
31192, 27.25, 47.50, -96.84, -98.20, 0, 0, -92.08, -107.69, -106.74, -105.24, -107.51
31235, 40.50, 19.00, -98.26, -97.54, 0, 0, -94.61, -107.36, -106.96, -105.26, -107.56
31277, 50.00, 49.75, -98.05, -99.46, 0, 0, -94.95, -108.18, -107.38, -105.28, -107.61
31320, 23.75, 39.00, -99.55, -98.33, 0, 0, -95.02, -107.45, -107.29, -105.30, -107.67
31363, 20.25, 38.50, -98.09, -96.82, 0, 0, -91.49, -107.89, -106.88, -105.32, -107.72
31405, 45.25, 40.75, -96.30, -97.81, 0, 0, -92.18, -106.82, -107.06, -105.34, -107.77
31448, 15.75, 40.25, -98.18, -94.73, 0, 0, -95.95, -106.91, -106.54, -105.35, -107.81
31491, 47.50, 30.00, -96.75, -97.58, 0, 0, -92.28, -106.64, -107.25, -105.37, -107.85
31533, 13.50, 48.25, -96.63, -96.50, 0, 0, -93.82, -106.44, -107.13, -105.38, -107.87
31576, 49.00, 25.25, -95.15, -94.61, 0, 0, -96.13, -106.22, -106.50, -105.40, -107.87
31619, 34.50, 41.00, -97.64, -97.15, 0, 0, -95.86, -106.97, -106.84, -105.41, -107.86
31661, 16.75, 31.50, -97.41, -98.85, 0, 0, -92.80, -107.46, -106.98, -105.43, -107.83
31704, 29.75, 30.50, -97.39, -96.91, 0, 0, -93.18, -106.95, -106.26, -105.43, -107.79
31747, 24.75, 47.25, -97.85, -98.25, 0, 0, -94.36, -108.24, -107.54, -105.46, -107.74
31789, 39.75, 32.50, -97.09, -98.06, 0, 0, -96.84, -107.70, -106.89, -105.47, -107.68
31832, 32.50, 46.50, -95.57, -97.84, 0, 0, -95.59, -107.92, -107.16, -105.49, -107.61
31875, 26.75, 42.00, -96.19, -96.48, 0, 0, -92.39, -106.14, -106.55, -105.50, -107.54
31917, 38.50, 41.50, -97.42, -96.66, 0, 0, -92.91, -107.06, -106.83, -105.51, -107.48
